1738176585.626451,tokenizer,7.970023155212402,202264924.0,188312445.0,119450,4,0,0,Llama-2-7b-chat-hf,1,startup,0,1,Swing,37,24576.0,13570.125
1738176593.5964742,model load,92.93512511253357,3986828173.0,3551158878.0,1748146,4,0,0,Llama-2-7b-chat-hf,1,startup,0,1,Swing,38,24576.0,13570.125
1738176686.5418382,start-inference-A-0,1.0929787158966064,64944231.0,48458067.0,157082,4,9,0,Llama-2-7b-chat-hf,1,What is the largest city in France?,13,1,Swing,2,24576.0,13628.125
1738176687.6435795,start-inference-A-1,0.6282556056976318,37416469.0,29850021.0,166498,4,9,1,Llama-2-7b-chat-hf,1,What is the largest city in France?,13,1,Swing,2,24576.0,13628.125
1738176688.2789629,start-inference-A-2,0.6326992511749268,37541835.0,28231251.0,144005,4,9,2,Llama-2-7b-chat-hf,1,What is the largest city in France?,13,1,Swing,2,24576.0,13628.125
1738176688.9307997,start-inference-A-3,0.633244514465332,32034036.0,32228250.0,166088,4,9,3,Llama-2-7b-chat-hf,1,What is the largest city in France?,13,1,Swing,2,24576.0,13628.125
1738176689.5723627,start-inference-A-4,0.6306397914886475,30190352.0,34399692.0,144446,4,9,4,Llama-2-7b-chat-hf,1,What is the largest city in France?,13,1,Swing,1,24576.0,13628.125
1738176690.2120044,start-inference-A-5,0.6312086582183838,30901227.0,34736483.0,143984,4,9,5,Llama-2-7b-chat-hf,1,What is the largest city in France?,13,1,Swing,1,24576.0,13628.125
1738176690.8511977,start-inference-A-6,0.6321604251861572,31673869.0,34984041.0,169516,4,9,6,Llama-2-7b-chat-hf,1,What is the largest city in France?,13,1,Swing,1,24576.0,13628.125
1738176691.492995,start-inference-B-0,0.6442947387695312,31373333.0,35544953.0,149249,4,21,0,Llama-2-7b-chat-hf,1,Can you explain the difference between a simile an,25,1,Swing,1,24576.0,13630.125
1738176692.145072,start-inference-B-1,0.6387927532196045,31028057.0,35258943.0,174541,4,21,1,Llama-2-7b-chat-hf,1,Can you explain the difference between a simile an,25,1,Swing,1,24576.0,13630.125
1738176692.8000033,start-inference-B-2,0.6355712413787842,31023968.0,35008334.0,148214,4,21,2,Llama-2-7b-chat-hf,1,Can you explain the difference between a simile an,25,1,Swing,1,24576.0,13630.125
1738176693.4418643,start-inference-B-3,0.6351099014282227,31610027.0,35017793.0,152486,4,21,3,Llama-2-7b-chat-hf,1,Can you explain the difference between a simile an,25,1,Swing,1,24576.0,13630.125
1738176694.085185,start-inference-B-4,0.6330363750457764,30848981.0,34867098.0,153658,4,21,4,Llama-2-7b-chat-hf,1,Can you explain the difference between a simile an,25,1,Swing,1,24576.0,13630.125
1738176694.72542,start-inference-B-5,0.6333804130554199,31156963.0,34930696.0,153278,4,21,5,Llama-2-7b-chat-hf,1,Can you explain the difference between a simile an,25,1,Swing,1,24576.0,13630.125
1738176695.3652139,start-inference-B-6,0.6341061592102051,31234356.0,35288606.0,175889,4,21,6,Llama-2-7b-chat-hf,1,Can you explain the difference between a simile an,25,1,Swing,1,24576.0,13630.125
1738176696.006073,start-inference-C-0,0.6432569026947021,31535686.0,35503938.0,151408,4,38,0,Llama-2-7b-chat-hf,1,What are some effective strategies for managing st,42,1,Swing,1,24576.0,13634.125
1738176696.6567855,start-inference-C-1,0.6411483287811279,32416909.0,35349092.0,179433,4,38,1,Llama-2-7b-chat-hf,1,What are some effective strategies for managing st,42,1,Swing,1,24576.0,13634.125
1738176697.304904,start-inference-C-2,0.6400752067565918,31095746.0,35211275.0,154146,4,38,2,Llama-2-7b-chat-hf,1,What are some effective strategies for managing st,42,1,Swing,1,24576.0,13634.125
1738176697.9514704,start-inference-C-3,0.6414322853088379,30681806.0,35071688.0,152949,4,38,3,Llama-2-7b-chat-hf,1,What are some effective strategies for managing st,42,1,Swing,1,24576.0,13634.125
1738176698.5996459,start-inference-C-4,0.6447186470031738,31491924.0,35340242.0,157764,4,38,4,Llama-2-7b-chat-hf,1,What are some effective strategies for managing st,42,1,Swing,1,24576.0,13634.125
1738176699.2521787,start-inference-C-5,0.6438288688659668,32268655.0,35738067.0,153827,4,38,5,Llama-2-7b-chat-hf,1,What are some effective strategies for managing st,42,1,Swing,1,24576.0,13634.125
1738176699.9028583,start-inference-C-6,0.6468214988708496,40392413.0,40476458.0,179606,4,38,6,Llama-2-7b-chat-hf,1,What are some effective strategies for managing st,42,1,Swing,1,24576.0,13634.125
1738176700.556904,start-inference-D-0,0.9227931499481201,46433231.0,51438955.0,229675,4,78,0,Llama-2-7b-chat-hf,1,Imagine you are an expert travel guide for Japan.,82,1,Swing,1,24576.0,13636.125
1738176701.4913173,start-inference-D-1,0.9201571941375732,44010508.0,50435051.0,232325,4,78,1,Llama-2-7b-chat-hf,1,Imagine you are an expert travel guide for Japan.,82,1,Swing,1,24576.0,13636.125
1738176702.4189324,start-inference-D-2,0.9210224151611328,44276681.0,50368218.0,257527,4,78,2,Llama-2-7b-chat-hf,1,Imagine you are an expert travel guide for Japan.,82,1,Swing,1,24576.0,13636.125
1738176703.347347,start-inference-D-3,0.9226288795471191,44916328.0,50923698.0,232911,4,78,3,Llama-2-7b-chat-hf,1,Imagine you are an expert travel guide for Japan.,82,1,Swing,1,24576.0,13636.125
1738176704.2789178,start-inference-D-4,0.9221141338348389,44334237.0,50440483.0,231655,4,78,4,Llama-2-7b-chat-hf,1,Imagine you are an expert travel guide for Japan.,82,1,Swing,1,24576.0,13636.125
1738176705.207894,start-inference-D-5,0.9258708953857422,45135078.0,50832328.0,229060,4,78,5,Llama-2-7b-chat-hf,1,Imagine you are an expert travel guide for Japan.,82,1,Swing,1,24576.0,13636.125
1738176706.1448686,start-inference-D-6,0.9221978187561035,45130927.0,50620720.0,258408,4,78,6,Llama-2-7b-chat-hf,1,Imagine you are an expert travel guide for Japan.,82,1,Swing,1,24576.0,13636.125
1738176707.0744274,start-inference-E-0,1.3476495742797852,64489642.0,73846796.0,336019,4,154,0,Llama-2-7b-chat-hf,1,"As an AI language model, you possess the capabilit",158,1,Swing,1,24576.0,13668.125
1738176708.433461,start-inference-E-1,1.3509044647216797,65422318.0,74197442.0,360511,4,154,1,Llama-2-7b-chat-hf,1,"As an AI language model, you possess the capabilit",158,1,Swing,1,24576.0,13668.125
1738176709.7932289,start-inference-E-2,1.3516490459442139,64802202.0,74147882.0,336035,4,154,2,Llama-2-7b-chat-hf,1,"As an AI language model, you possess the capabilit",158,1,Swing,1,24576.0,13668.125
1738176711.153002,start-inference-E-3,1.3542330265045166,65054399.0,74397027.0,361037,4,154,3,Llama-2-7b-chat-hf,1,"As an AI language model, you possess the capabilit",158,1,Swing,1,24576.0,13668.125
1738176712.5182014,start-inference-E-4,1.3542234897613525,64822100.0,74255120.0,335400,4,154,4,Llama-2-7b-chat-hf,1,"As an AI language model, you possess the capabilit",158,1,Swing,1,24576.0,13668.125
1738176713.8802478,start-inference-E-5,1.3557789325714111,65923781.0,74558647.0,358985,4,154,5,Llama-2-7b-chat-hf,1,"As an AI language model, you possess the capabilit",158,1,Swing,1,24576.0,13668.125
1738176715.2450418,start-inference-E-6,1.3573167324066162,65151872.0,74595329.0,335510,4,154,6,Llama-2-7b-chat-hf,1,"As an AI language model, you possess the capabilit",158,1,Swing,1,24576.0,13668.125
1738176716.6110084,start-inference-F-0,2.2533507347106934,108770657.0,123775013.0,597840,4,267,0,Llama-2-7b-chat-hf,1,/* An improved random number generation package.,271,1,Swing,1,24576.0,13688.125
1738176718.8751698,start-inference-F-1,2.257363796234131,108912441.0,124068042.0,572152,4,267,1,Llama-2-7b-chat-hf,1,/* An improved random number generation package.,271,1,Swing,1,24576.0,13688.125
1738176721.1434855,start-inference-F-2,2.269871234893799,108833767.0,124926072.0,594037,4,267,2,Llama-2-7b-chat-hf,1,/* An improved random number generation package.,271,1,Swing,1,24576.0,13688.125
1738176723.42259,start-inference-F-3,2.2700395584106445,109249415.0,124794420.0,569467,4,267,3,Llama-2-7b-chat-hf,1,/* An improved random number generation package.,271,1,Swing,1,24576.0,13688.125
1738176725.7017558,start-inference-F-4,2.274021863937378,110069360.0,125246139.0,596104,4,267,4,Llama-2-7b-chat-hf,1,/* An improved random number generation package.,271,1,Swing,1,24576.0,13688.125
1738176727.9850092,start-inference-F-5,2.274109363555908,109024562.0,124955246.0,593674,4,267,5,Llama-2-7b-chat-hf,1,/* An improved random number generation package.,271,1,Swing,1,24576.0,13688.125
1738176730.2717717,start-inference-F-6,2.277785062789917,109152248.0,125389754.0,570076,4,267,6,Llama-2-7b-chat-hf,1,/* An improved random number generation package.,271,1,Swing,1,24576.0,13688.125
1738176732.559703,start-inference-G-0,3.8826324939727783,198460491.0,221056197.0,1009743,4,541,0,Llama-2-7b-chat-hf,1,/*This is a version (aka ptmalloc2) of malloc/free,545,1,Swing,1,24576.0,13966.125
1738176736.4621167,start-inference-G-1,3.893094062805176,186502574.0,214005434.0,1004944,4,541,1,Llama-2-7b-chat-hf,1,/*This is a version (aka ptmalloc2) of malloc/free,545,1,Swing,1,24576.0,13966.125
1738176740.3728552,start-inference-G-2,3.895899772644043,187591988.0,214211915.0,1007639,4,541,2,Llama-2-7b-chat-hf,1,/*This is a version (aka ptmalloc2) of malloc/free,545,1,Swing,1,24576.0,13966.125
1738176744.2853825,start-inference-G-3,3.9033381938934326,187794685.0,214850708.0,983151,4,541,3,Llama-2-7b-chat-hf,1,/*This is a version (aka ptmalloc2) of malloc/free,545,1,Swing,25,24576.0,13966.125
1738176748.2061596,start-inference-G-4,3.9113833904266357,187544991.0,214706664.0,985964,4,541,4,Llama-2-7b-chat-hf,1,/*This is a version (aka ptmalloc2) of malloc/free,545,1,Swing,1,24576.0,13966.125
1738176752.1342554,start-inference-G-5,3.9169721603393555,187739754.0,214809569.0,984531,4,541,5,Llama-2-7b-chat-hf,1,/*This is a version (aka ptmalloc2) of malloc/free,545,1,Swing,1,24576.0,13966.125
1738176756.0717292,start-inference-G-6,3.925142765045166,187007945.0,215455503.0,1011496,4,541,6,Llama-2-7b-chat-hf,1,/*This is a version (aka ptmalloc2) of malloc/free,545,1,Swing,1,24576.0,13966.125
1738176760.0137827,start-inference-H-0,7.273374080657959,348365319.0,399750075.0,1861147,4,986,0,Llama-2-7b-chat-hf,1,"/void _quicksort (void *const pbase, size_t total_",990,1,Swing,1,24576.0,14172.125
1738176767.3085136,start-inference-H-1,7.287075042724609,349026206.0,402076730.0,1856480,4,986,1,Llama-2-7b-chat-hf,1,"/void _quicksort (void *const pbase, size_t total_",990,1,Swing,1,24576.0,14172.125
1738176774.6168015,start-inference-H-2,7.30604887008667,350158039.0,401518320.0,1854960,4,986,2,Llama-2-7b-chat-hf,1,"/void _quicksort (void *const pbase, size_t total_",990,1,Swing,1,24576.0,14172.125
1738176781.943345,start-inference-H-3,7.322248458862305,351528947.0,401416026.0,1858696,4,986,3,Llama-2-7b-chat-hf,1,"/void _quicksort (void *const pbase, size_t total_",990,1,Swing,1,24576.0,14172.125
1738176789.2877688,start-inference-H-4,7.328764915466309,352103468.0,402385445.0,1881009,4,986,4,Llama-2-7b-chat-hf,1,"/void _quicksort (void *const pbase, size_t total_",990,1,Swing,1,24576.0,14172.125
1738176796.6370847,start-inference-H-5,7.333234071731567,353545360.0,402655952.0,1885523,4,986,5,Llama-2-7b-chat-hf,1,"/void _quicksort (void *const pbase, size_t total_",990,1,Swing,1,24576.0,14172.125
1738176803.9916863,start-inference-H-6,7.352874994277954,353751841.0,402845648.0,1883801,4,986,6,Llama-2-7b-chat-hf,1,"/void _quicksort (void *const pbase, size_t total_",990,1,Swing,1,24576.0,14172.125
1738176811.3679008,start-inference-I-0,16.964762926101685,817049361.0,930344847.0,4311334,4,2134,0,Llama-2-7b-chat-hf,1,"#include <alloca.h>
#include <limits.h>
#include <",2138,1,Swing,1,24576.0,17438.125
1738176828.3676174,start-inference-I-1,16.977245330810547,816554917.0,930825742.0,4306244,4,2134,1,Llama-2-7b-chat-hf,1,"#include <alloca.h>
#include <limits.h>
#include <",2138,1,Swing,1,24576.0,17438.125
1738176845.3807817,start-inference-I-2,16.998905181884766,818223736.0,934055287.0,4331362,4,2134,2,Llama-2-7b-chat-hf,1,"#include <alloca.h>
#include <limits.h>
#include <",2138,1,Swing,1,24576.0,17438.125
1738176862.4154644,start-inference-I-3,17.01547932624817,818342327.0,935179002.0,4329408,4,2134,3,Llama-2-7b-chat-hf,1,"#include <alloca.h>
#include <limits.h>
#include <",2138,1,Swing,1,24576.0,17438.125
1738176879.4647875,start-inference-I-4,17.023090362548828,818734049.0,936501570.0,4308859,4,2134,4,Llama-2-7b-chat-hf,1,"#include <alloca.h>
#include <limits.h>
#include <",2138,1,Swing,25,24576.0,17438.125
1738176896.5238557,start-inference-I-5,17.034570455551147,816615341.0,936648725.0,4309292,4,2134,5,Llama-2-7b-chat-hf,1,"#include <alloca.h>
#include <limits.h>
#include <",2138,1,Swing,1,24576.0,17438.125
1738176913.5939548,start-inference-I-6,17.03465986251831,818815592.0,937019696.0,4306242,4,2134,6,Llama-2-7b-chat-hf,1,"#include <alloca.h>
#include <limits.h>
#include <",2138,1,Swing,1,24576.0,17438.125
